property_id,scrape_timestamp,filtered_year,property_url,category,general_review,general_review_count,comfort_score,value_score,location_score,wifi_score,avg_review_score_all,avg_review_score_all_count,avg_review_score_families,avg_review_score_families_count,avg_review_score_couples,avg_review_score_couples_count,avg_review_score_solo_travelers,avg_review_score_solo_travelers_count,avg_review_score_business_travellers,avg_review_score_business_travellers_count,avg_review_score_groups_friends,avg_review_score_groups_friends_count,min_price,max_price,latitude,longitude,address,zone,city,wifi_speed
666a13af-cb8a-41f0-8b82-8856050faf99,2025-09-10 15:38:19,2025,https://www.booking.com/hotel/ma/riad-marrakech-peace.html?aid=304142&label=gen173nr-10CAQoggJCEHNlYXJjaF9tYXJyYWtlY2hIM1gEaIwBiAEBmAEzuAEXyAEM2AED6AEB-AEBiAIBqAIBuAKytobGBsACAdICJGQzODYxNjljLWY1OWEtNDk3NC04OGYzLTlhMGNhNzdlODU3ONgCAeACAQ&ucfs=1&arphpl=1&checkin=2025-09-10&checkout=2025-09-11&group_adults=1&req_adults=1&no_rooms=1&group_children=0&req_children=0&hpos=1&hapos=1&sr_order=popularity&srpvid=d8216dd9ce0605ff&srepoch=1757518652&all_sr_blocks=1299601901_402947402_2_41_0&highlighted_blocks=1299601901_402947402_2_41_0&matching_block_id=1299601901_402947402_2_41_0&sr_pri_blocks=1299601901_402947402_2_41_0__9000&from=searchresults,Riad,9.5,272,9.4,9.6,9.0,9.3,9.42079207920792,202,9.551724137931034,29,9.424778761061948,113,9.0,19,9.0,2,9.538461538461538,39,953,953,31.6291635943574,-7.98024925480466,Zankat Sidi Soussane  Sidi Youb  Arrondissement de Marrakech-Medina     Marrakesh  Pachalik de Marrakech  Marrakesh Prefecture  Marrakech-Safi  40003  Morocco,Sidi Youb,Marrakesh,Not specified
70c65381-59db-4a81-853b-f97871ec11cd,2025-09-10 15:39:32,2025,https://www.booking.com/hotel/ma/tempoo.html?aid=304142&label=gen173nr-10CAQoggJCEHNlYXJjaF9tYXJyYWtlY2hIM1gEaIwBiAEBmAEzuAEXyAEM2AED6AEB-AEBiAIBqAIBuAKytobGBsACAdICJGQzODYxNjljLWY1OWEtNDk3NC04OGYzLTlhMGNhNzdlODU3ONgCAeACAQ&ucfs=1&arphpl=1&checkin=2025-09-10&checkout=2025-09-11&group_adults=1&req_adults=1&no_rooms=1&group_children=0&req_children=0&hpos=2&hapos=2&sr_order=popularity&srpvid=d8216dd9ce0605ff&srepoch=1757518652&all_sr_blocks=109927801_88805519_1_1_0&highlighted_blocks=109927801_88805519_1_1_0&matching_block_id=109927801_88805519_1_1_0&sr_pri_blocks=109927801_88805519_1_1_0__5850&from=searchresults,Hotel,7.4,1520,7.8,7.6,8.5,8.4,7.4149377593361,241,6.466666666666667,15,7.666666666666667,51,7.510204081632653,98,7.463414634146342,41,7.138888888888889,36,619,1556,31.627104864994227,-8.016251039278359,News Caf  1  Rue Abou Bakr Seddik  Guliz    Arrondissement de Gueliz    Marrakesh  Pachalik de Marrakech  Marrakesh Prefecture  Marrakech-Safi  40020  Morocco,Guliz,Marrakesh,Not specified
67f5813c-a8ef-43ca-a8fd-afdc4d445361,2025-09-10 15:41:32,2025,https://www.booking.com/hotel/ma/riad-abjaou.html?aid=304142&label=gen173nr-10CAQoggJCEHNlYXJjaF9tYXJyYWtlY2hIM1gEaIwBiAEBmAEzuAEXyAEM2AED6AEB-AEBiAIBqAIBuAKytobGBsACAdICJGQzODYxNjljLWY1OWEtNDk3NC04OGYzLTlhMGNhNzdlODU3ONgCAeACAQ&ucfs=1&arphpl=1&checkin=2025-09-10&checkout=2025-09-11&group_adults=1&req_adults=1&no_rooms=1&group_children=0&req_children=0&hpos=3&hapos=3&sr_order=popularity&srpvid=d8216dd9ce0605ff&srepoch=1757518652&all_sr_blocks=201618702_340793282_1_42_0&highlighted_blocks=201618702_340793282_1_42_0&matching_block_id=201618702_340793282_1_42_0&sr_pri_blocks=201618702_340793282_1_42_0__3420&from=searchresults,Guesthouse,9.0,651,8.9,9.3,8.8,8.0,8.901408450704226,142,8.25,16,8.838709677419354,62,9.2,35,9.5,4,8.96,25,362,953,31.616992784580813,-7.982656359672546,salt Marrakech  108  Rue de Berrima  trik amiak mkhaznia  Arrondissement de Marrakech-Medina     Marrakesh  Pachalik de Marrakech  Marrakesh Prefecture  Marrakech-Safi  40040  Morocco,Arrondissement de Marrakech-Medina,Marrakesh,Not specified
91602c24-e3e7-4383-88d0-b3c6448a22ba,2025-09-10 15:42:49,2025,https://www.booking.com/hotel/ma/riad-ennakhil-amp-spa.html?aid=304142&label=gen173nr-10CAQoggJCEHNlYXJjaF9tYXJyYWtlY2hIM1gEaIwBiAEBmAEzuAEXyAEM2AED6AEB-AEBiAIBqAIBuAKytobGBsACAdICJGQzODYxNjljLWY1OWEtNDk3NC04OGYzLTlhMGNhNzdlODU3ONgCAeACAQ&ucfs=1&arphpl=1&checkin=2025-09-10&checkout=2025-09-11&group_adults=1&req_adults=1&no_rooms=1&group_children=0&req_children=0&hpos=4&hapos=4&sr_order=popularity&srpvid=d8216dd9ce0605ff&srepoch=1757518652&all_sr_blocks=200497644_410220365_1_41_0_558400&highlighted_blocks=200497644_410220365_1_41_0_558400&matching_block_id=200497644_410220365_1_41_0_558400&sr_pri_blocks=200497644_410220365_1_41_0_558400_8370&from=searchresults,Hotel,7.0,645,7.5,7.0,7.4,7.7,7.145945945945946,185,6.4411764705882355,34,7.6075949367088604,79,7.0344827586206895,29,6.684210526315789,19,7.125,24,886,3779,31.683461746406554,-7.993789664469659,DWO Marrakech Ennakhil  km 5  Boulevard Mohammed Abdelkaraim el Khattabi  Hay Andalaous  Arrondissement de Gueliz    Marrakesh  Pachalik de Marrakech  Marrakesh Prefecture  Marrakech-Safi  40000  Morocco,Hay Andalaous,Marrakesh,Not specified
66c5b67f-6430-49d1-8bdd-25587fa63131,2025-09-10 15:44:28,2025,https://www.booking.com/hotel/ma/riad-douirtna.html?aid=304142&label=gen173nr-10CAQoggJCEHNlYXJjaF9tYXJyYWtlY2hIM1gEaIwBiAEBmAEzuAEXyAEM2AED6AEB-AEBiAIBqAIBuAKytobGBsACAdICJGQzODYxNjljLWY1OWEtNDk3NC04OGYzLTlhMGNhNzdlODU3ONgCAeACAQ&ucfs=1&arphpl=1&checkin=2025-09-10&checkout=2025-09-11&group_adults=1&req_adults=1&no_rooms=1&group_children=0&req_children=0&hpos=5&hapos=5&sr_order=popularity&srpvid=d8216dd9ce0605ff&srepoch=1757518652&all_sr_blocks=896632804_410095940_2_1_0_1073181&highlighted_blocks=896632804_410095940_2_1_0_1073181&matching_block_id=896632804_410095940_2_1_0_1073181&sr_pri_blocks=896632804_410095940_2_1_0_1073181_6480&from=searchresults,Riad,8.9,672,9.1,9.1,9.0,8.4,8.91826923076923,208,9.2,25,8.989247311827956,93,8.693877551020408,49,7.5,8,9.181818181818182,33,686,686,31.637483526809,-8.014875102718,Polyclinique du Sud  Rue Yougoslavie    Guliz    Arrondissement de Gueliz    Marrakesh  Pachalik de Marrakech  Marrakesh Prefecture  Marrakech-Safi  40200  Morocco,Guliz,Marrakesh,Not specified
2ed22c60-099a-417e-8546-5fbcfe7f0288,2025-09-10 15:45:52,2025,https://www.booking.com/hotel/ma/riad-nafis.html?aid=304142&label=gen173nr-10CAQoggJCEHNlYXJjaF9tYXJyYWtlY2hIM1gEaIwBiAEBmAEzuAEXyAEM2AED6AEB-AEBiAIBqAIBuAKytobGBsACAdICJGQzODYxNjljLWY1OWEtNDk3NC04OGYzLTlhMGNhNzdlODU3ONgCAeACAQ&ucfs=1&arphpl=1&checkin=2025-09-10&checkout=2025-09-11&group_adults=1&req_adults=1&no_rooms=1&group_children=0&req_children=0&hpos=6&hapos=6&sr_order=popularity&srpvid=d8216dd9ce0605ff&srepoch=1757518652&all_sr_blocks=9859901_90341871_0_41_0&highlighted_blocks=9859901_90341871_0_41_0&matching_block_id=9859901_90341871_0_41_0&sr_pri_blocks=9859901_90341871_0_41_0__5040&from=searchresults,Riad,9.1,483,9.2,9.0,9.1,9.1,8.958677685950413,121,9.107142857142858,28,8.933333333333334,60,8.631578947368421,19,10.0,2,9.083333333333334,12,534,593,31.6188164720063,-7.99405574798584,Rue Essaadiyne  Mechouar Kasbah  Arrondissement de Marrakech-Medina     Marrakesh  Pachalik de Marrakech  Marrakesh Prefecture  Marrakech-Safi  40034  Morocco,Mechouar Kasbah,Marrakesh,Not specified
3faca6d2-3c59-41fd-87dc-0b7290fcfdfb,2025-09-10 15:47:08,2025,https://www.booking.com/hotel/ma/555-clubbing.html?aid=304142&label=gen173nr-10CAQoggJCEHNlYXJjaF9tYXJyYWtlY2hIM1gEaIwBiAEBmAEzuAEXyAEM2AED6AEB-AEBiAIBqAIBuAKytobGBsACAdICJGQzODYxNjljLWY1OWEtNDk3NC04OGYzLTlhMGNhNzdlODU3ONgCAeACAQ&ucfs=1&arphpl=1&checkin=2025-09-10&checkout=2025-09-11&group_adults=1&req_adults=1&no_rooms=1&group_children=0&req_children=0&hpos=7&hapos=7&sr_order=popularity&srpvid=d8216dd9ce0605ff&srepoch=1757518652&all_sr_blocks=1224176106_395767763_2_1_0&highlighted_blocks=1224176106_395767763_2_1_0&matching_block_id=1224176106_395767763_2_1_0&sr_pri_blocks=1224176106_395767763_2_1_0__133387&from=searchresults,Hotel,7.9,412,8.7,8.0,8.2,7.2,7.757990867579909,219,9.777777777777779,9,7.943181818181818,88,7.448275862068965,58,6.857142857142857,21,7.813953488372093,43,1334,2082,31.592153844924816,-7.989923202610778,Boulevard Mohammed VI     Agdal  Zone Touristique de l'Agdal      Mechouar Kasbah  cadat de Tasoultante  Pachalik de Mchouar Kasba  Marrakesh Prefecture  Marrakech-Safi  40035  Morocco,Agdal,Mechouar Kasbah,Not specified
1802e2f9-a7bc-41ca-883a-8fb8868dd831,2025-09-10 15:48:33,2025,https://www.booking.com/hotel/ma/ibis-moussafir-marrakech-palmeraie.html?aid=304142&label=gen173nr-10CAQoggJCEHNlYXJjaF9tYXJyYWtlY2hIM1gEaIwBiAEBmAEzuAEXyAEM2AED6AEB-AEBiAIBqAIBuAKytobGBsACAdICJGQzODYxNjljLWY1OWEtNDk3NC04OGYzLTlhMGNhNzdlODU3ONgCAeACAQ&ucfs=1&arphpl=1&checkin=2025-09-10&checkout=2025-09-11&group_adults=1&req_adults=1&no_rooms=1&group_children=0&req_children=0&hpos=8&hapos=8&sr_order=popularity&srpvid=d8216dd9ce0605ff&srepoch=1757518652&all_sr_blocks=9891301_376293930_2_34_0&highlighted_blocks=9891301_376293930_2_34_0&matching_block_id=9891301_376293930_2_34_0&sr_pri_blocks=9891301_376293930_2_34_0__54000&from=searchresults,Hotel,6.4,2122,6.8,6.5,7.4,7.4,6.776595744680851,282,6.842696629213483,89,7.357142857142857,56,7.121951219512195,41,5.963414634146342,82,7.785714285714286,14,540,927,31.678557109686015,-7.999043315649033,Hotel Ibis Palmeraie  Avenue Abdelkrim Al Khatib  Hay Andalaous  Arrondissement de Gueliz    Marrakesh  Pachalik de Marrakech  Marrakesh Prefecture  Marrakech-Safi  40000  Morocco,Hay Andalaous,Marrakesh,Not specified
72352352-f9e4-414b-b9e6-acd7d228444d,2025-09-10 15:50:32,2025,https://www.booking.com/hotel/ma/atrani-appart.html?aid=304142&label=gen173nr-10CAQoggJCEHNlYXJjaF9tYXJyYWtlY2hIM1gEaIwBiAEBmAEzuAEXyAEM2AED6AEB-AEBiAIBqAIBuAKytobGBsACAdICJGQzODYxNjljLWY1OWEtNDk3NC04OGYzLTlhMGNhNzdlODU3ONgCAeACAQ&ucfs=1&arphpl=1&checkin=2025-09-10&checkout=2025-09-11&group_adults=1&req_adults=1&no_rooms=1&group_children=0&req_children=0&hpos=9&hapos=9&sr_order=popularity&srpvid=d8216dd9ce0605ff&srepoch=1757518652&all_sr_blocks=808867701_343720919_2_2_0&highlighted_blocks=808867701_343720919_2_2_0&matching_block_id=808867701_343720919_2_2_0&sr_pri_blocks=808867701_343720919_2_2_0__7875&from=searchresults,Apartment-Hotel,8.1,1065,8.6,8.1,8.2,8.9,8.351598173515981,219,8.0,69,8.514705882352942,68,8.263157894736842,38,9.19047619047619,21,8.304347826086957,23,834,1080,31.628122452794,-8.018636435006,Rue Jabir Ibn Hayane  Guliz    Arrondissement de Gueliz    Marrakesh  Pachalik de Marrakech  Marrakesh Prefecture  Marrakech-Safi  40020  Morocco,Guliz,Marrakesh,Not specified
0760a55a-781f-48f2-a58b-ba3b1e239c22,2025-09-10 15:52:17,2025,https://www.booking.com/hotel/ma/imperial-holiday.html?aid=304142&label=gen173nr-10CAQoggJCEHNlYXJjaF9tYXJyYWtlY2hIM1gEaIwBiAEBmAEzuAEXyAEM2AED6AEB-AEBiAIBqAIBuAKytobGBsACAdICJGQzODYxNjljLWY1OWEtNDk3NC04OGYzLTlhMGNhNzdlODU3ONgCAeACAQ&ucfs=1&arphpl=1&checkin=2025-09-10&checkout=2025-09-11&group_adults=1&req_adults=1&no_rooms=1&group_children=0&req_children=0&hpos=10&hapos=10&sr_order=popularity&srpvid=d8216dd9ce0605ff&srepoch=1757518652&all_sr_blocks=9871532_411559564_0_0_0&highlighted_blocks=9871532_411559564_0_0_0&matching_block_id=9871532_411559564_0_0_0&sr_pri_blocks=9871532_411559564_0_0_0__5400&from=searchresults,Hotel,6.4,3163,6.8,6.6,8.0,7.4,6.670212765957447,282,6.426829268292683,82,7.482142857142857,56,7.1020408163265305,49,6.060975609756097,82,6.923076923076923,13,572,1620,31.63279722132145,-8.014170974493027,Imphollida  Boulevard Moulay Rachid     Guliz    Arrondissement de Gueliz    Marrakesh  Pachalik de Marrakech  Marrakesh Prefecture  Marrakech-Safi  40200  Morocco,Guliz,Marrakesh,Not specified
b8d394e3-9bc5-49fe-bfbe-943b5f62c6e6,2025-09-10 15:54:18,2025,https://www.booking.com/hotel/ma/new-bahia.html?aid=304142&label=gen173nr-10CAQoggJCEHNlYXJjaF9tYXJyYWtlY2hIM1gEaIwBiAEBmAEzuAEXyAEM2AED6AEB-AEBiAIBqAIBuAKytobGBsACAdICJGQzODYxNjljLWY1OWEtNDk3NC04OGYzLTlhMGNhNzdlODU3ONgCAeACAQ&ucfs=1&arphpl=1&checkin=2025-09-10&checkout=2025-09-11&group_adults=1&req_adults=1&no_rooms=1&group_children=0&req_children=0&hpos=11&hapos=11&sr_order=popularity&srpvid=d8216dd9ce0605ff&srepoch=1757518652&all_sr_blocks=789479913_338623427_0_41_0&highlighted_blocks=789479913_338623427_0_41_0&matching_block_id=789479913_338623427_0_41_0&sr_pri_blocks=789479913_338623427_0_41_0__2720&from=searchresults,Guesthouse,8.0,382,8.2,8.3,8.1,9.0,7.756756756756757,74,7.666666666666667,6,6.666666666666667,18,8.193548387096774,31,6.0,2,8.352941176470589,17,288,783,31.6210656456478,-7.9805051387290895,Rue Imam El Rhezoli  Douar Graoua  Arrondissement de Marrakech-Medina     Marrakesh  Pachalik de Marrakech  Marrakesh Prefecture  Marrakech-Safi  40003  Morocco,Douar Graoua,Marrakesh,Not specified
403e8eaa-3c60-48dd-a360-7f0597a530a9,2025-09-10 15:55:31,2025,https://www.booking.com/hotel/ma/el-andalous.html?aid=304142&label=gen173nr-10CAQoggJCEHNlYXJjaF9tYXJyYWtlY2hIM1gEaIwBiAEBmAEzuAEXyAEM2AED6AEB-AEBiAIBqAIBuAKytobGBsACAdICJGQzODYxNjljLWY1OWEtNDk3NC04OGYzLTlhMGNhNzdlODU3ONgCAeACAQ&ucfs=1&arphpl=1&checkin=2025-09-10&checkout=2025-09-11&group_adults=1&req_adults=1&no_rooms=1&group_children=0&req_children=0&hpos=12&hapos=12&sr_order=popularity&srpvid=d8216dd9ce0605ff&srepoch=1757518652&all_sr_blocks=9873802_93984527_0_1_0&highlighted_blocks=9873802_93984527_0_1_0&matching_block_id=9873802_93984527_0_1_0&sr_pri_blocks=9873802_93984527_0_1_0__9900&from=searchresults,Hotel,7.4,4154,7.9,7.5,9.0,8.4,6.315789473684211,285,6.282442748091603,131,6.393939393939394,33,5.5,20,6.517647058823529,85,6.375,16,932,4202,31.620680236493538,-8.007292449474335,El Andalous  Avenue El Qadissia  L'Hivernage  Arrondissement de Gueliz    Marrakesh  Pachalik de Marrakech  Marrakesh Prefecture  Marrakech-Safi  40020  Morocco,L'Hivernage,Marrakesh,Not specified
34c2b63a-3a1d-48c2-854a-4b6c7f214f4d,2025-09-10 15:57:31,2025,https://www.booking.com/hotel/ma/monriad.html?aid=304142&label=gen173nr-10CAQoggJCEHNlYXJjaF9tYXJyYWtlY2hIM1gEaIwBiAEBmAEzuAEXyAEM2AED6AEB-AEBiAIBqAIBuAKytobGBsACAdICJGQzODYxNjljLWY1OWEtNDk3NC04OGYzLTlhMGNhNzdlODU3ONgCAeACAQ&ucfs=1&arphpl=1&checkin=2025-09-10&checkout=2025-09-11&group_adults=1&req_adults=1&no_rooms=1&group_children=0&req_children=0&hpos=13&hapos=13&sr_order=popularity&srpvid=d8216dd9ce0605ff&srepoch=1757518652&all_sr_blocks=25736504_87351792_0_1_0_417646&highlighted_blocks=25736504_87351792_0_1_0_417646&matching_block_id=25736504_87351792_0_1_0_417646&sr_pri_blocks=25736504_87351792_0_1_0_417646_9760&from=searchresults,Riad,9.1,599,9.3,9.0,9.7,9.0,9.115702479338843,121,8.92,25,9.105263157894736,57,9.333333333333334,3,10.0,1,9.228571428571428,35,1033,1400,31.622712976280702,-7.985097169876099,MonRiad  4     Douar Graoua  Arrondissement de Marrakech-Medina     Marrakesh  Pachalik de Marrakech  Marrakesh Prefecture  Marrakech-Safi  40000  Morocco,Douar Graoua,Marrakesh,Not specified
5f3ca321-5d78-4296-829b-77f9eb78d839,2025-09-10 15:58:45,2025,https://www.booking.com/hotel/ma/zahia-marrakech.html?aid=304142&label=gen173nr-10CAQoggJCEHNlYXJjaF9tYXJyYWtlY2hIM1gEaIwBiAEBmAEzuAEXyAEM2AED6AEB-AEBiAIBqAIBuAKytobGBsACAdICJGQzODYxNjljLWY1OWEtNDk3NC04OGYzLTlhMGNhNzdlODU3ONgCAeACAQ&ucfs=1&arphpl=1&checkin=2025-09-10&checkout=2025-09-11&group_adults=1&req_adults=1&no_rooms=1&group_children=0&req_children=0&hpos=14&hapos=14&sr_order=popularity&srpvid=d8216dd9ce0605ff&srepoch=1757518652&all_sr_blocks=28614105_90337534_1_1_0&highlighted_blocks=28614105_90337534_1_1_0&matching_block_id=28614105_90337534_1_1_0&sr_pri_blocks=28614105_90337534_1_1_0__3959&from=searchresults,Hotel,6.0,2100,6.4,6.4,7.7,6.4,6.329588014981273,267,6.729166666666667,48,6.298245614035087,57,6.756410256410256,78,5.298507462686567,67,7.411764705882353,17,419,838,31.640179004087074,-8.01859125494957,Boulevard Mohammed Abdelkaraim el Khattabi  Sidi Abbad  Arrondissement de Gueliz    Marrakesh  Pachalik de Marrakech  Marrakesh Prefecture  Marrakech-Safi  40010  Morocco,Sidi Abbad,Marrakesh,Not specified
f9824daa-f8bd-4cb2-9bf7-6496575df987,2025-09-10 16:00:45,2025,https://www.booking.com/hotel/ma/la-villa-des-golfs.html?aid=304142&label=gen173nr-10CAQoggJCEHNlYXJjaF9tYXJyYWtlY2hIM1gEaIwBiAEBmAEzuAEXyAEM2AED6AEB-AEBiAIBqAIBuAKytobGBsACAdICJGQzODYxNjljLWY1OWEtNDk3NC04OGYzLTlhMGNhNzdlODU3ONgCAeACAQ&ucfs=1&arphpl=1&checkin=2025-09-10&checkout=2025-09-11&group_adults=1&req_adults=1&no_rooms=1&group_children=0&req_children=0&hpos=15&hapos=15&sr_order=popularity&srpvid=d8216dd9ce0605ff&srepoch=1757518652&all_sr_blocks=37859910_108244942_1_42_0&highlighted_blocks=37859910_108244942_1_42_0&matching_block_id=37859910_108244942_1_42_0&sr_pri_blocks=37859910_108244942_1_42_0__10080&from=searchresults,Hotel,8.6,365,8.9,8.4,8.4,8.1,8.388235294117647,85,9.296296296296296,27,7.5,22,8.2,20,7.0,5,8.909090909090908,11,1067,2127,31.616792783495807,-7.953227162361145,Arrondissement d'Annakhil    Marrakesh  Pachalik de Marrakech  Marrakesh Prefecture  Marrakech-Safi  40012  Morocco,Arrondissement d'Annakhil,Marrakesh,Not specified
3c7ceb73-208e-4a2e-95f9-5334c2d5d985,2025-09-10 16:02:01,2025,https://www.booking.com/hotel/ma/dar-el-mudal.html?aid=304142&label=gen173nr-10CAQoggJCEHNlYXJjaF9tYXJyYWtlY2hIM1gEaIwBiAEBmAEzuAEXyAEM2AED6AEB-AEBiAIBqAIBuAKytobGBsACAdICJGQzODYxNjljLWY1OWEtNDk3NC04OGYzLTlhMGNhNzdlODU3ONgCAeACAQ&ucfs=1&arphpl=1&checkin=2025-09-10&checkout=2025-09-11&group_adults=1&req_adults=1&no_rooms=1&group_children=0&req_children=0&hpos=16&hapos=16&sr_order=popularity&srpvid=d8216dd9ce0605ff&srepoch=1757518652&all_sr_blocks=202743516_94768383_0_41_0&highlighted_blocks=202743516_94768383_0_41_0&matching_block_id=202743516_94768383_0_41_0&sr_pri_blocks=202743516_94768383_0_41_0__7898&from=searchresults,Guesthouse,9.5,266,9.7,9.4,9.6,9.6,9.514851485148515,101,9.6,30,9.666666666666666,39,9.75,4,0,0,9.178571428571429,28,836,2038,31.622183085094164,-7.9832424001861,Palais Gharnata  5  Rue de la Bahia  Souks   Arrondissement de Marrakech-Medina     Marrakesh  Pachalik de Marrakech  Marrakesh Prefecture  Marrakech-Safi  40000  Morocco,Arrondissement de Marrakech-Medina,Marrakesh,Not specified
9776ea05-3b6f-49cf-8800-237445214304,2025-09-10 16:03:10,2025,https://www.booking.com/hotel/ma/imperial-plaza.html?aid=304142&label=gen173nr-10CAQoggJCEHNlYXJjaF9tYXJyYWtlY2hIM1gEaIwBiAEBmAEzuAEXyAEM2AED6AEB-AEBiAIBqAIBuAKytobGBsACAdICJGQzODYxNjljLWY1OWEtNDk3NC04OGYzLTlhMGNhNzdlODU3ONgCAeACAQ&ucfs=1&arphpl=1&checkin=2025-09-10&checkout=2025-09-11&group_adults=1&req_adults=1&no_rooms=1&group_children=0&req_children=0&hpos=17&hapos=17&sr_order=popularity&srpvid=d8216dd9ce0605ff&srepoch=1757518652&all_sr_blocks=9863519_107861889_0_34_0&highlighted_blocks=9863519_107861889_0_34_0&matching_block_id=9863519_107861889_0_34_0&sr_pri_blocks=9863519_107861889_0_34_0__5274&from=searchresults,Hotel,7.2,2222,7.6,7.3,7.6,8.1,7.2318181818181815,220,7.612903225806452,124,6.689655172413793,29,7.275862068965517,29,6.238095238095238,21,6.529411764705882,17,510,1867,31.645789452119825,-8.016808927059174,Rue Ibn Hamza  Semlalia  Arrondissement de Gueliz    Marrakesh  Pachalik de Marrakech  Marrakesh Prefecture  Marrakech-Safi  40010  Morocco,Arrondissement de Gueliz,Marrakesh,Not specified
a1c60f3b-0798-4d8e-9c3b-51dadf0fc581,2025-09-10 16:05:12,2025,https://www.booking.com/hotel/ma/luxe-nomade.html?aid=304142&label=gen173nr-10CAQoggJCEHNlYXJjaF9tYXJyYWtlY2hIM1gEaIwBiAEBmAEzuAEXyAEM2AED6AEB-AEBiAIBqAIBuAKytobGBsACAdICJGQzODYxNjljLWY1OWEtNDk3NC04OGYzLTlhMGNhNzdlODU3ONgCAeACAQ&ucfs=1&arphpl=1&checkin=2025-09-10&checkout=2025-09-11&group_adults=1&req_adults=1&no_rooms=1&group_children=0&req_children=0&hpos=18&hapos=18&sr_order=popularity&srpvid=d8216dd9ce0605ff&srepoch=1757518652&all_sr_blocks=1102725005_392385063_1_41_0&highlighted_blocks=1102725005_392385063_1_41_0&matching_block_id=1102725005_392385063_1_41_0&sr_pri_blocks=1102725005_392385063_1_41_0__9207&from=searchresults,Riad,9.1,226,9.4,9.0,9.1,7.0,8.866666666666667,105,9.058823529411764,17,8.661016949152541,59,8.25,4,8.5,2,9.391304347826088,23,975,2514,31.616763486709385,-7.989435771177582,Riad des Lys  26  Derb Rahala  Mechouar Kasbah  Pachalik de Mchouar Kasba  Marrakesh Prefecture  Marrakech-Safi  40000  Morocco,,Mechouar Kasbah,Not specified
3cad1225-8880-4356-bd03-49038bc45a55,2025-09-10 16:06:25,2025,https://www.booking.com/hotel/ma/le-caspien-marrakech.html?aid=304142&label=gen173nr-10CAQoggJCEHNlYXJjaF9tYXJyYWtlY2hIM1gEaIwBiAEBmAEzuAEXyAEM2AED6AEB-AEBiAIBqAIBuAKytobGBsACAdICJGQzODYxNjljLWY1OWEtNDk3NC04OGYzLTlhMGNhNzdlODU3ONgCAeACAQ&ucfs=1&arphpl=1&checkin=2025-09-10&checkout=2025-09-11&group_adults=1&req_adults=1&no_rooms=1&group_children=0&req_children=0&hpos=19&hapos=19&sr_order=popularity&srpvid=d8216dd9ce0605ff&srepoch=1757518652&all_sr_blocks=71690001_88805421_1_41_0_614685&highlighted_blocks=71690001_88805421_1_41_0_614685&matching_block_id=71690001_88805421_1_41_0_614685&sr_pri_blocks=71690001_88805421_1_41_0_614685_6541&from=searchresults,Hotel,8.0,1217,8.3,8.2,8.6,8.4,7.820627802690583,223,7.865168539325842,89,7.959183673469388,49,7.840909090909091,44,6.782608695652174,23,8.5,18,21,21,31.6368,-8.0105,Moroccan House  3  Rue Loubnane  Guliz    Arrondissement de Gueliz    Marrakesh  Pachalik de Marrakech  Marrakesh Prefecture  Marrakech-Safi  40200  Morocco,Guliz,Marrakesh,Not specified
b3cf2d36-f24d-43e5-9d4b-da1c72b2dbf1,2025-09-10 16:08:09,2025,https://www.booking.com/hotel/ma/villa-atlas-saphir-marrakech.html?aid=304142&label=gen173nr-10CAQoggJCEHNlYXJjaF9tYXJyYWtlY2hIM1gEaIwBiAEBmAEzuAEXyAEM2AED6AEB-AEBiAIBqAIBuAKytobGBsACAdICJGQzODYxNjljLWY1OWEtNDk3NC04OGYzLTlhMGNhNzdlODU3ONgCAeACAQ&ucfs=1&arphpl=1&checkin=2025-09-10&checkout=2025-09-11&group_adults=1&req_adults=1&no_rooms=1&group_children=0&req_children=0&hpos=20&hapos=20&sr_order=popularity&srpvid=d8216dd9ce0605ff&srepoch=1757518652&all_sr_blocks=841546802_419980445_1_41_0_760394&highlighted_blocks=841546802_419980445_1_41_0_760394&matching_block_id=841546802_419980445_1_41_0_760394&sr_pri_blocks=841546802_419980445_1_41_0_760394_10260&from=searchresults,Guesthouse,8.4,666,8.9,8.3,7.4,6.7,8.16,150,8.25301204819277,83,8.551724137931034,29,8.142857142857142,14,5.714285714285714,7,8.058823529411764,17,846,3153,31.622798705786,-7.941157807006,P31  Arrondissement d'Annakhil    Marrakesh  cadat d'Al Ouidane  Pachalik de Marrakech  Marrakesh Prefecture  Marrakech-Safi  40012  Morocco,Arrondissement d'Annakhil,Marrakesh,Not specified
7aaeff34-63ea-45ce-9971-9f15d08b6843,2025-09-10 16:09:32,2025,https://www.booking.com/hotel/ma/blue-sea-le-printemps.html?aid=304142&label=gen173nr-10CAQoggJCEHNlYXJjaF9tYXJyYWtlY2hIM1gEaIwBiAEBmAEzuAEXyAEM2AED6AEB-AEBiAIBqAIBuAKytobGBsACAdICJGQzODYxNjljLWY1OWEtNDk3NC04OGYzLTlhMGNhNzdlODU3ONgCAeACAQ&ucfs=1&arphpl=1&checkin=2025-09-10&checkout=2025-09-11&group_adults=1&req_adults=1&no_rooms=1&group_children=0&req_children=0&hpos=21&hapos=21&sr_order=popularity&srpvid=d8216dd9ce0605ff&srepoch=1757518652&all_sr_blocks=128630610_208776256_1_42_0&highlighted_blocks=128630610_208776256_1_42_0&matching_block_id=128630610_208776256_1_42_0&sr_pri_blocks=128630610_208776256_1_42_0__7126&from=searchresults,Hotel,8.2,4637,8.3,8.3,8.8,8.3,8.248520710059172,338,8.21875,96,8.125,40,8.16326530612245,49,8.289855072463768,138,8.666666666666666,15,754,3098,31.634259416076993,-8.015464416275107,BLUESEA Le Printemps  19  Boulevard El Mansour Eddahbi  Guliz    Arrondissement de Gueliz    Marrakesh  Pachalik de Marrakech  Marrakesh Prefecture  Marrakech-Safi  40000  Morocco,Guliz,Marrakesh,Not specified
c3c493a5-94b6-4ed8-bb89-c7c4853140c5,2025-09-10 16:11:39,2025,https://www.booking.com/hotel/ma/riad-mboja.html?aid=304142&label=gen173nr-10CAQoggJCEHNlYXJjaF9tYXJyYWtlY2hIM1gEaIwBiAEBmAEzuAEXyAEM2AED6AEB-AEBiAIBqAIBuAKytobGBsACAdICJGQzODYxNjljLWY1OWEtNDk3NC04OGYzLTlhMGNhNzdlODU3ONgCAeACAQ&ucfs=1&arphpl=1&checkin=2025-09-10&checkout=2025-09-11&group_adults=1&req_adults=1&no_rooms=1&group_children=0&req_children=0&hpos=22&hapos=22&sr_order=popularity&srpvid=d8216dd9ce0605ff&srepoch=1757518652&all_sr_blocks=34102215_86172104_2_1_0_745564&highlighted_blocks=34102215_86172104_2_1_0_745564&matching_block_id=34102215_86172104_2_1_0_745564&sr_pri_blocks=34102215_86172104_2_1_0_745564_6840&from=searchresults,Riad,9.0,928,9.0,8.9,9.0,8.7,8.823232323232324,198,9.074074074074074,27,8.770992366412214,131,8.588235294117647,17,0,0,9.0,23,724,925,31.632416983697247,-7.996799647808075,Rue Bab Doukkala  Bab Doukkala  Arrondissement de Marrakech-Medina     Marrakesh  Pachalik de Marrakech  Marrakesh Prefecture  Marrakech-Safi  40030  Morocco,Bab Doukkala,Marrakesh,Not specified
9cebd001-3a7f-452a-b395-83d33cc2c61a,2025-09-10 16:12:52,2025,https://www.booking.com/hotel/ma/bab-residence.html?aid=304142&label=gen173nr-10CAQoggJCEHNlYXJjaF9tYXJyYWtlY2hIM1gEaIwBiAEBmAEzuAEXyAEM2AED6AEB-AEBiAIBqAIBuAKytobGBsACAdICJGQzODYxNjljLWY1OWEtNDk3NC04OGYzLTlhMGNhNzdlODU3ONgCAeACAQ&ucfs=1&arphpl=1&checkin=2025-09-10&checkout=2025-09-11&group_adults=1&req_adults=1&no_rooms=1&group_children=0&req_children=0&hpos=23&hapos=23&sr_order=popularity&srpvid=d8216dd9ce0605ff&srepoch=1757518652&all_sr_blocks=9902403_392104444_1_33_0&highlighted_blocks=9902403_392104444_1_33_0&matching_block_id=9902403_392104444_1_33_0&sr_pri_blocks=9902403_392104444_1_33_0__17280&from=searchresults,Hotel,8.0,2021,8.3,7.9,8.6,8.8,8.248888888888889,225,8.404761904761905,42,8.233766233766234,77,8.282608695652174,46,8.296296296296296,27,8.0,33,1526,4641,31.6341731432777,-8.014944791793823,SIXT  9  Boulevard El Mansour Eddahbi  Guliz    Arrondissement de Gueliz    Marrakesh  Pachalik de Marrakech  Marrakesh Prefecture  Marrakech-Safi  40200  Morocco,Guliz,Marrakesh,Not specified
a3848a05-4a25-4961-97db-47116a184e50,2025-09-10 16:14:59,2025,https://www.booking.com/hotel/ma/riad-el-ouarda.html?aid=304142&label=gen173nr-10CAQoggJCEHNlYXJjaF9tYXJyYWtlY2hIM1gEaIwBiAEBmAEzuAEXyAEM2AED6AEB-AEBiAIBqAIBuAKytobGBsACAdICJGQzODYxNjljLWY1OWEtNDk3NC04OGYzLTlhMGNhNzdlODU3ONgCAeACAQ&ucfs=1&arphpl=1&checkin=2025-09-10&checkout=2025-09-11&group_adults=1&req_adults=1&no_rooms=1&group_children=0&req_children=0&hpos=24&hapos=24&sr_order=popularity&srpvid=d8216dd9ce0605ff&srepoch=1757518652&all_sr_blocks=622515808_242569688_2_1_0&highlighted_blocks=622515808_242569688_2_1_0&matching_block_id=622515808_242569688_2_1_0&sr_pri_blocks=622515808_242569688_2_1_0__7840&from=searchresults,Guesthouse,8.9,625,9.1,9.0,8.3,7.4,8.788321167883211,137,8.508196721311476,61,8.870967741935484,31,9.571428571428571,14,0,0,8.903225806451612,31,830,1304,31.638529223672233,-7.9905810716056775,Derb Lalla Aouich  Arrondissement de Marrakech-Medina     Marrakesh  Pachalik de Marrakech  Marrakesh Prefecture  Marrakech-Safi  40008  Morocco,Arrondissement de Marrakech-Medina,Marrakesh,Not specified
75ac1ee4-f141-45d8-81f7-529819c2cae1,2025-09-10 16:16:13,2025,https://www.booking.com/hotel/ma/miostello.html?aid=304142&label=gen173nr-10CAQoggJCEHNlYXJjaF9tYXJyYWtlY2hIM1gEaIwBiAEBmAEzuAEXyAEM2AED6AEB-AEBiAIBqAIBuAKytobGBsACAdICJGQzODYxNjljLWY1OWEtNDk3NC04OGYzLTlhMGNhNzdlODU3ONgCAeACAQ&ucfs=1&arphpl=1&checkin=2025-09-10&checkout=2025-09-11&group_adults=1&req_adults=1&no_rooms=1&group_children=0&req_children=0&hpos=25&hapos=25&sr_order=popularity&srpvid=d8216dd9ce0605ff&srepoch=1757518652&all_sr_blocks=572711401_220266021_1_1_0&highlighted_blocks=572711401_220266021_1_1_0&matching_block_id=572711401_220266021_1_1_0&sr_pri_blocks=572711401_220266021_1_1_0__6600&from=searchresults,Riad,8.9,266,9.2,8.5,8.5,8.6,9.01923076923077,52,8.866666666666667,15,9.11111111111111,9,9.058823529411764,17,9.666666666666666,3,8.875,8,699,1601,31.634545673248365,-7.997980498764036,Banque Populaire    Rue Boutouil  Bab Doukkala  Arrondissement de Marrakech-Medina     Marrakesh  Pachalik de Marrakech  Marrakesh Prefecture  Marrakech-Safi  40008  Morocco,Bab Doukkala,Marrakesh,Not specified
