property_id,scrape_timestamp,property_url,category,general_review,general_review_count,wifi_score,min_price,max_price,latitude,longitude,address,zone,city,wifi_speed
51f8286a-4baa-4966-bb99-e388bc9af6e5,2025-09-09 08:56:47,https://www.booking.com/hotel/ma/biarritz-tanger.html?aid=304142&label=gen173nr-10CAQoggJCDnNlYXJjaF90YW5naWVySDNYBGiMAYgBAZgBM7gBF8gBDNgBA-gBAfgBAYgCAagCAbgCkNf_xQbAAgHSAiQ2Mjk5ZTIxYS1kNGYxLTRlMmYtOTc4OS1lNzU2MmNhNTYxNGXYAgHgAgE&ucfs=1&arphpl=1&checkin=2025-09-09&checkout=2025-09-10&group_adults=1&req_adults=1&no_rooms=1&group_children=0&req_children=0&hpos=1&hapos=1&sr_order=popularity&srpvid=ab303ec8853a11e9&srepoch=1757408158&all_sr_blocks=129771807_408016727_1_0_0&highlighted_blocks=129771807_408016727_1_0_0&matching_block_id=129771807_408016727_1_0_0&sr_pri_blocks=129771807_408016727_1_0_0__3500&from=searchresults,Hotel,6.9,1874,7.6,371,721,35.78175010422376,-5.807252547143548,aircar  Avenue Mohammed VI     Bni Idder  arrondissement de Tanger-Medina    Tangier  Pachalik de Tanger    Prefecture of Tangier - Assilah  Tangier-Tetouan-Al Hoceima  90013  Morocco,arrondissement de Tanger-Medina,Tangier,Not specified
d7fdc207-4a6a-47a2-a206-7fe0a326b6a7,2025-09-09 08:56:57,https://www.booking.com/hotel/ma/ibis-moussafir-tanger-city-center.html?aid=304142&label=gen173nr-10CAQoggJCDnNlYXJjaF90YW5naWVySDNYBGiMAYgBAZgBM7gBF8gBDNgBA-gBAfgBAYgCAagCAbgCkNf_xQbAAgHSAiQ2Mjk5ZTIxYS1kNGYxLTRlMmYtOTc4OS1lNzU2MmNhNTYxNGXYAgHgAgE&ucfs=1&arphpl=1&checkin=2025-09-09&checkout=2025-09-10&group_adults=1&req_adults=1&no_rooms=1&group_children=0&req_children=0&hpos=2&hapos=2&sr_order=popularity&srpvid=ab303ec8853a11e9&srepoch=1757408158&all_sr_blocks=27872102_376288955_2_2_0&highlighted_blocks=27872102_376288955_2_2_0&matching_block_id=27872102_376288955_2_2_0&sr_pri_blocks=27872102_376288955_2_2_0__67000&from=searchresults,Hotel,6.7,3919,7.4,670,814,35.77236100198175,-5.7835158705711365,Hotel Ibis Tanger City Center  RN16  Tanger El Balia  arrondissement de Charf-Mghogha    Tangier  Pachalik de Tanger    Prefecture of Tangier - Assilah  Tangier-Tetouan-Al Hoceima  90000  Morocco,Tanger El Balia,Tangier,Not specified
6b91f8c6-4b32-40ed-b5b7-974be7b4a2a5,2025-09-09 08:57:07,https://www.booking.com/hotel/ma/ramada-encore-tanger.html?aid=304142&label=gen173nr-10CAQoggJCDnNlYXJjaF90YW5naWVySDNYBGiMAYgBAZgBM7gBF8gBDNgBA-gBAfgBAYgCAagCAbgCkNf_xQbAAgHSAiQ2Mjk5ZTIxYS1kNGYxLTRlMmYtOTc4OS1lNzU2MmNhNTYxNGXYAgHgAgE&ucfs=1&arphpl=1&checkin=2025-09-09&checkout=2025-09-10&group_adults=1&req_adults=1&no_rooms=1&group_children=0&req_children=0&hpos=3&hapos=3&sr_order=popularity&srpvid=ab303ec8853a11e9&srepoch=1757408158&all_sr_blocks=0_0_1_1_0&highlighted_blocks=0_0_1_1_0&matching_block_id=0_0_1_1_0&sr_pri_blocks=0_0_1_1_0__60879&from=searchresults,Hotel,7.3,2287,8.3,650,750,35.77374070036643,-5.779012441635132,Ramada Encore Hotel  Route de Malabata  Tanger El Balia  arrondissement de Charf-Mghogha    Tangier  Pachalik de Tanger    Prefecture of Tangier - Assilah  Tangier-Tetouan-Al Hoceima  90000  Morocco,Tanger El Balia,Tangier,Not specified
e28dff78-f927-4f44-a06d-59be9896465f,2025-09-09 08:57:16,https://www.booking.com/hotel/ma/ha-tel-tanjah-flandria.html?aid=304142&label=gen173nr-10CAQoggJCDnNlYXJjaF90YW5naWVySDNYBGiMAYgBAZgBM7gBF8gBDNgBA-gBAfgBAYgCAagCAbgCkNf_xQbAAgHSAiQ2Mjk5ZTIxYS1kNGYxLTRlMmYtOTc4OS1lNzU2MmNhNTYxNGXYAgHgAgE&ucfs=1&arphpl=1&checkin=2025-09-09&checkout=2025-09-10&group_adults=1&req_adults=1&no_rooms=1&group_children=0&req_children=0&hpos=4&hapos=4&sr_order=popularity&srpvid=ab303ec8853a11e9&srepoch=1757408158&all_sr_blocks=70959702_94037351_1_2_0&highlighted_blocks=70959702_94037351_1_2_0&matching_block_id=70959702_94037351_1_2_0&sr_pri_blocks=70959702_94037351_1_2_0__5760&from=searchresults,Hotel,7.6,754,7.1,611,1069,35.77942027913564,-5.808632075786591,Flandria  Mohammed V Boulevard  Bni Idder  arrondissement de Tanger-Medina    Tangier  Pachalik de Tanger    Prefecture of Tangier - Assilah  Tangier-Tetouan-Al Hoceima  90013  Morocco,arrondissement de Tanger-Medina,Tangier,Not specified
fa766810-b3a7-4dd5-8016-9b65d5fb7112,2025-09-09 08:57:25,https://www.booking.com/hotel/ma/crystal-boulevard-tanger1.html?aid=304142&label=gen173nr-10CAQoggJCDnNlYXJjaF90YW5naWVySDNYBGiMAYgBAZgBM7gBF8gBDNgBA-gBAfgBAYgCAagCAbgCkNf_xQbAAgHSAiQ2Mjk5ZTIxYS1kNGYxLTRlMmYtOTc4OS1lNzU2MmNhNTYxNGXYAgHgAgE&ucfs=1&arphpl=1&checkin=2025-09-09&checkout=2025-09-10&group_adults=1&req_adults=1&no_rooms=1&group_children=0&req_children=0&hpos=5&hapos=5&sr_order=popularity&srpvid=ab303ec8853a11e9&srepoch=1757408158&all_sr_blocks=1461933301_417499163_1_0_0&highlighted_blocks=1461933301_417499163_1_0_0&matching_block_id=1461933301_417499163_1_0_0&sr_pri_blocks=1461933301_417499163_1_0_0__3159&from=searchresults,Hotel,6.4,159,9.7,335,625,35.7783686,-5.8079179,Rue Allal Ben Abdallah  Bni Idder  arrondissement de Tanger-Medina    Tangier  Pachalik de Tanger    Prefecture of Tangier - Assilah  Tangier-Tetouan-Al Hoceima  90013  Morocco,arrondissement de Tanger-Medina,Tangier,Not specified
2dddf94b-6f0b-4020-bcdc-172878be83f7,2025-09-09 08:57:33,https://www.booking.com/hotel/ma/hilton-garden-inn-tanger-city-centre.html?aid=304142&label=gen173nr-10CAQoggJCDnNlYXJjaF90YW5naWVySDNYBGiMAYgBAZgBM7gBF8gBDNgBA-gBAfgBAYgCAagCAbgCkNf_xQbAAgHSAiQ2Mjk5ZTIxYS1kNGYxLTRlMmYtOTc4OS1lNzU2MmNhNTYxNGXYAgHgAgE&ucfs=1&arphpl=1&checkin=2025-09-09&checkout=2025-09-10&group_adults=1&req_adults=1&no_rooms=1&group_children=0&req_children=0&hpos=6&hapos=6&sr_order=popularity&srpvid=ab303ec8853a11e9&srepoch=1757408158&all_sr_blocks=160813101_274561890_2_2_0_934519&highlighted_blocks=160813101_274561890_2_2_0_934519&matching_block_id=160813101_274561890_2_2_0_934519&sr_pri_blocks=160813101_274561890_2_2_0_934519_170000&from_sustainable_property_sr=1&from=searchresults,Hotel,8.4,2964,8.3,1700,3525,35.77378314,-5.787120301,Hilton Garden Inn Tanger City Center  Place du Maghreb Arabe  arrondissement de Charf-Mghogha    Tangier  Pachalik de Tanger    Prefecture of Tangier - Assilah  Tangier-Tetouan-Al Hoceima  90000  Morocco,arrondissement de Charf-Mghogha,Tangier,Not specified
31108d48-8533-46d0-b7ce-0937f1fcbf3f,2025-09-09 08:57:45,https://www.booking.com/hotel/ma/ben-batouta.html?aid=304142&label=gen173nr-10CAQoggJCDnNlYXJjaF90YW5naWVySDNYBGiMAYgBAZgBM7gBF8gBDNgBA-gBAfgBAYgCAagCAbgCkNf_xQbAAgHSAiQ2Mjk5ZTIxYS1kNGYxLTRlMmYtOTc4OS1lNzU2MmNhNTYxNGXYAgHgAgE&ucfs=1&arphpl=1&checkin=2025-09-09&checkout=2025-09-10&group_adults=1&req_adults=1&no_rooms=1&group_children=0&req_children=0&hpos=7&hapos=7&sr_order=popularity&srpvid=ab303ec8853a11e9&srepoch=1757408158&all_sr_blocks=1096445902_382537977_1_41_0_1107922&highlighted_blocks=1096445902_382537977_1_41_0_1107922&matching_block_id=1096445902_382537977_1_41_0_1107922&sr_pri_blocks=1096445902_382537977_1_41_0_1107922_8625&from=searchresults,Hotel,8.5,1514,8.5,914,2011,35.725451190765,-5.893581322626,RN1  Boukhalef  arrondissement de Tanger-Medina    Tangier  Pachalik de Tanger    Prefecture of Tangier - Assilah  Tangier-Tetouan-Al Hoceima  90045  Morocco,Boukhalef,Tangier,Not specified
07be7209-072b-4307-a1da-e2ff4d254bf9,2025-09-09 08:57:55,https://www.booking.com/hotel/ma/tanjalucia.html?aid=304142&label=gen173nr-10CAQoggJCDnNlYXJjaF90YW5naWVySDNYBGiMAYgBAZgBM7gBF8gBDNgBA-gBAfgBAYgCAagCAbgCkNf_xQbAAgHSAiQ2Mjk5ZTIxYS1kNGYxLTRlMmYtOTc4OS1lNzU2MmNhNTYxNGXYAgHgAgE&ucfs=1&arphpl=1&checkin=2025-09-09&checkout=2025-09-10&group_adults=1&req_adults=1&no_rooms=1&group_children=0&req_children=0&hpos=8&hapos=8&sr_order=popularity&srpvid=ab303ec8853a11e9&srepoch=1757408158&all_sr_blocks=417397904_385801318_1_42_0&highlighted_blocks=417397904_385801318_1_42_0&matching_block_id=417397904_385801318_1_42_0&sr_pri_blocks=417397904_385801318_1_42_0__1100&from=searchresults,Hostel,8.1,1297,7.9,117,159,35.78528426618708,-5.812260846442771,Oued Aherdan  arrondissement de Tanger-Medina    Tangier  Pachalik de Tanger    Prefecture of Tangier - Assilah  Tangier-Tetouan-Al Hoceima  90030  Morocco,Oued Aherdan,Tangier,Not specified
db8f6974-21bd-4082-921c-9fa033785e8f,2025-09-09 08:58:04,https://www.booking.com/hotel/ma/hilton-tanger-city-center-residences.html?aid=304142&label=gen173nr-10CAQoggJCDnNlYXJjaF90YW5naWVySDNYBGiMAYgBAZgBM7gBF8gBDNgBA-gBAfgBAYgCAagCAbgCkNf_xQbAAgHSAiQ2Mjk5ZTIxYS1kNGYxLTRlMmYtOTc4OS1lNzU2MmNhNTYxNGXYAgHgAgE&ucfs=1&arphpl=1&checkin=2025-09-09&checkout=2025-09-10&group_adults=1&req_adults=1&no_rooms=1&group_children=0&req_children=0&hpos=9&hapos=9&sr_order=popularity&srpvid=ab303ec8853a11e9&srepoch=1757408158&all_sr_blocks=213090606_274562537_2_34_0&highlighted_blocks=213090606_274562537_2_34_0&matching_block_id=213090606_274562537_2_34_0&sr_pri_blocks=213090606_274562537_2_34_0__187000&from_sustainable_property_sr=1&from=searchresults,Hotel,8.4,2564,8.2,1870,7310,35.7729197017,-5.78606582192,Hilton Tangier City Center  RN16  arrondissement de Charf-Mghogha    Tangier  Pachalik de Tanger    Prefecture of Tangier - Assilah  Tangier-Tetouan-Al Hoceima  90000  Morocco,arrondissement de Charf-Mghogha,Tangier,Not specified
f03c3c7a-3040-4d26-9159-593006769e34,2025-09-09 08:58:16,https://www.booking.com/hotel/ma/el-djenina-tanger.html?aid=304142&label=gen173nr-10CAQoggJCDnNlYXJjaF90YW5naWVySDNYBGiMAYgBAZgBM7gBF8gBDNgBA-gBAfgBAYgCAagCAbgCkNf_xQbAAgHSAiQ2Mjk5ZTIxYS1kNGYxLTRlMmYtOTc4OS1lNzU2MmNhNTYxNGXYAgHgAgE&ucfs=1&arphpl=1&checkin=2025-09-09&checkout=2025-09-10&group_adults=1&req_adults=1&no_rooms=1&group_children=0&req_children=0&hpos=10&hapos=10&sr_order=popularity&srpvid=ab303ec8853a11e9&srepoch=1757408158&all_sr_blocks=220563602_0_1_0_0&highlighted_blocks=220563602_0_1_0_0&matching_block_id=220563602_0_1_0_0&sr_pri_blocks=220563602_0_1_0_0__5502&from=searchresults,Hotel,7.9,3482,8.1,678,943,35.7806835766392,-5.80601315014064,Marco Polo  2  Rue Antaki  Bni Idder  arrondissement de Tanger-Medina    Tangier  Pachalik de Tanger    Prefecture of Tangier - Assilah  Tangier-Tetouan-Al Hoceima  90000  Morocco,arrondissement de Tanger-Medina,Tangier,Not specified
41f1d6ac-939d-482c-9d7c-97f969d9f846,2025-09-09 08:58:25,https://www.booking.com/hotel/ma/royal-tulip-city-center.html?aid=304142&label=gen173nr-10CAQoggJCDnNlYXJjaF90YW5naWVySDNYBGiMAYgBAZgBM7gBF8gBDNgBA-gBAfgBAYgCAagCAbgCkNf_xQbAAgHSAiQ2Mjk5ZTIxYS1kNGYxLTRlMmYtOTc4OS1lNzU2MmNhNTYxNGXYAgHgAgE&ucfs=1&arphpl=1&checkin=2025-09-09&checkout=2025-09-10&group_adults=1&req_adults=1&no_rooms=1&group_children=0&req_children=0&hpos=11&hapos=11&sr_order=popularity&srpvid=ab303ec8853a11e9&srepoch=1757408158&all_sr_blocks=113997113_349131219_1_1_0_907272&highlighted_blocks=113997113_349131219_1_1_0_907272&matching_block_id=113997113_349131219_1_1_0_907272&sr_pri_blocks=113997113_349131219_1_1_0_907272_176000&from=searchresults,Hotel,8.7,4342,8.7,1760,3600,35.77294855517912,-5.786587009045434,Place du Maghreb Arabe  arrondissement de Charf-Mghogha    Tangier  Pachalik de Tanger    Prefecture of Tangier - Assilah  Tangier-Tetouan-Al Hoceima  90070  Morocco,arrondissement de Charf-Mghogha,Tangier,Not specified
002d1c33-c073-4cfd-a555-37df1608050b,2025-09-09 08:58:34,https://www.booking.com/hotel/ma/marco-polo.html?aid=304142&label=gen173nr-10CAQoggJCDnNlYXJjaF90YW5naWVySDNYBGiMAYgBAZgBM7gBF8gBDNgBA-gBAfgBAYgCAagCAbgCkNf_xQbAAgHSAiQ2Mjk5ZTIxYS1kNGYxLTRlMmYtOTc4OS1lNzU2MmNhNTYxNGXYAgHgAgE&ucfs=1&arphpl=1&checkin=2025-09-09&checkout=2025-09-10&group_adults=1&req_adults=1&no_rooms=1&group_children=0&req_children=0&hpos=12&hapos=12&sr_order=popularity&srpvid=ab303ec8853a11e9&srepoch=1757408158&all_sr_blocks=40385801_243623186_1_0_0&highlighted_blocks=40385801_243623186_1_0_0&matching_block_id=40385801_243623186_1_0_0&sr_pri_blocks=40385801_243623186_1_0_0__3900&from=searchresults,Hotel,7.7,975,7.7,413,1060,35.7807432798353,-5.806116163730621,Bni Idder  arrondissement de Tanger-Medina    Tangier  Pachalik de Tanger    Prefecture of Tangier - Assilah  Tangier-Tetouan-Al Hoceima  90013  Morocco,arrondissement de Tanger-Medina,Tangier,Not specified
c4065a75-ac2f-4ecc-8836-f00d8297fcf9,2025-09-09 08:58:43,https://www.booking.com/hotel/ma/flamant-rose-apartments.html?aid=304142&label=gen173nr-10CAQoggJCDnNlYXJjaF90YW5naWVySDNYBGiMAYgBAZgBM7gBF8gBDNgBA-gBAfgBAYgCAagCAbgCkNf_xQbAAgHSAiQ2Mjk5ZTIxYS1kNGYxLTRlMmYtOTc4OS1lNzU2MmNhNTYxNGXYAgHgAgE&ucfs=1&arphpl=1&checkin=2025-09-09&checkout=2025-09-10&group_adults=1&req_adults=1&no_rooms=1&group_children=0&req_children=0&hpos=13&hapos=13&sr_order=popularity&srpvid=ab303ec8853a11e9&srepoch=1757408158&all_sr_blocks=559411015_351990960_1_1_0&highlighted_blocks=559411015_351990960_1_1_0&matching_block_id=559411015_351990960_1_1_0&sr_pri_blocks=559411015_351990960_1_1_0__9932&from=searchresults,Apartment-Hotel,9.1,2042,8.3,1053,2719,35.771181,-5.804341,arrondissement de Tanger-Medina    Tangier  Pachalik de Tanger    Prefecture of Tangier - Assilah  Tangier-Tetouan-Al Hoceima  90013  Morocco,arrondissement de Tanger-Medina,Tangier,Not specified
df5783df-b954-46b1-bd9f-076b6af683e5,2025-09-09 08:58:54,https://www.booking.com/hotel/ma/the-banana-hostel-tangier.html?aid=304142&label=gen173nr-10CAQoggJCDnNlYXJjaF90YW5naWVySDNYBGiMAYgBAZgBM7gBF8gBDNgBA-gBAfgBAYgCAagCAbgCkNf_xQbAAgHSAiQ2Mjk5ZTIxYS1kNGYxLTRlMmYtOTc4OS1lNzU2MmNhNTYxNGXYAgHgAgE&ucfs=1&arphpl=1&checkin=2025-09-09&checkout=2025-09-10&group_adults=1&req_adults=1&no_rooms=1&group_children=0&req_children=0&hpos=14&hapos=14&sr_order=popularity&srpvid=ab303ec8853a11e9&srepoch=1757408158&all_sr_blocks=1156614104_419165753_1_0_0&highlighted_blocks=1156614104_419165753_1_0_0&matching_block_id=1156614104_419165753_1_0_0&sr_pri_blocks=1156614104_419165753_1_0_0__900&from=searchresults,Hostel,7.5,509,8.2,95,114,35.78816787666134,-5.809794020737287,Rue Ouadrass  Dar Barroud  arrondissement de Tanger-Medina    Tangier  Pachalik de Tanger    Prefecture of Tangier - Assilah  Tangier-Tetouan-Al Hoceima  90030  Morocco,arrondissement de Tanger-Medina,Tangier,Not specified
d02e90fd-7fa2-4a3d-b95b-056afdba7d16,2025-09-09 08:59:04,https://www.booking.com/hotel/ma/etoile-du-nord.html?aid=304142&label=gen173nr-10CAQoggJCDnNlYXJjaF90YW5naWVySDNYBGiMAYgBAZgBM7gBF8gBDNgBA-gBAfgBAYgCAagCAbgCkNf_xQbAAgHSAiQ2Mjk5ZTIxYS1kNGYxLTRlMmYtOTc4OS1lNzU2MmNhNTYxNGXYAgHgAgE&ucfs=1&arphpl=1&checkin=2025-09-09&checkout=2025-09-10&group_adults=1&req_adults=1&no_rooms=1&group_children=0&req_children=0&hpos=15&hapos=15&sr_order=popularity&srpvid=ab303ec8853a11e9&srepoch=1757408158&all_sr_blocks=30654217_404475387_1_1_0_559883&highlighted_blocks=30654217_404475387_1_1_0_559883&matching_block_id=30654217_404475387_1_1_0_559883&sr_pri_blocks=30654217_404475387_1_1_0_559883_7005&from=searchresults,Hotel,7.8,2137,7.7,743,1296,35.772191258255575,-5.815204828977585,Avenue Sidi Mohamed Ben Abdellah        Charf-Souani  arrondissement de Charf-Souani    Tangier  Pachalik de Tanger    Prefecture of Tangier - Assilah  Tangier-Tetouan-Al Hoceima  90070  Morocco,Charf-Souani,Tangier,Not specified
0579ed70-2901-46b6-baf5-e930652f497b,2025-09-09 08:59:14,https://www.booking.com/hotel/ma/miramonte-resort.html?aid=304142&label=gen173nr-10CAQoggJCDnNlYXJjaF90YW5naWVySDNYBGiMAYgBAZgBM7gBF8gBDNgBA-gBAfgBAYgCAagCAbgCkNf_xQbAAgHSAiQ2Mjk5ZTIxYS1kNGYxLTRlMmYtOTc4OS1lNzU2MmNhNTYxNGXYAgHgAgE&ucfs=1&arphpl=1&checkin=2025-09-09&checkout=2025-09-10&group_adults=1&req_adults=1&no_rooms=1&group_children=0&req_children=0&hpos=16&hapos=16&sr_order=popularity&srpvid=ab303ec8853a11e9&srepoch=1757408158&all_sr_blocks=1239286201_395856682_5_41_0_874648&highlighted_blocks=1239286201_395856682_5_41_0_874648&matching_block_id=1239286201_395856682_5_41_0_874648&sr_pri_blocks=1239286201_395856682_5_41_0_874648_12000&from=searchresults,Hotel,8.5,65,7.5,1272,1272,35.79162892295429,-5.831517484719326,Avenue Moulay Al Hassan     Dradeb  arrondissement de Tanger-Medina    Tangier  Pachalik de Tanger    Prefecture of Tangier - Assilah  Tangier-Tetouan-Al Hoceima  90005  Morocco,Dradeb,Tangier,Not specified
f75c1246-bf1b-4e88-bb43-3429eb26c8c6,2025-09-09 08:59:23,https://www.booking.com/hotel/ma/marina-bay-center-tanger.html?aid=304142&label=gen173nr-10CAQoggJCDnNlYXJjaF90YW5naWVySDNYBGiMAYgBAZgBM7gBF8gBDNgBA-gBAfgBAYgCAagCAbgCkNf_xQbAAgHSAiQ2Mjk5ZTIxYS1kNGYxLTRlMmYtOTc4OS1lNzU2MmNhNTYxNGXYAgHgAgE&ucfs=1&arphpl=1&checkin=2025-09-09&checkout=2025-09-10&group_adults=1&req_adults=1&no_rooms=1&group_children=0&req_children=0&hpos=17&hapos=17&sr_order=popularity&srpvid=ab303ec8853a11e9&srepoch=1757408158&all_sr_blocks=25432226_0_1_0_0&highlighted_blocks=25432226_0_1_0_0&matching_block_id=25432226_0_1_0_0&sr_pri_blocks=25432226_0_1_0_0__112333&from=searchresults,Hotel,9.0,3842,9.1,1370,2420,35.779611767441715,-5.803492963314056,Avenue Mohammed VI     Bni Idder  arrondissement de Tanger-Medina    Tangier  Pachalik de Tanger    Prefecture of Tangier - Assilah  Tangier-Tetouan-Al Hoceima  90013  Morocco,arrondissement de Tanger-Medina,Tangier,Not specified
b4880260-a36a-4c5e-ab61-daa3eb718610,2025-09-09 08:59:33,https://www.booking.com/hotel/ma/dixil-garden-tanger.html?aid=304142&label=gen173nr-10CAQoggJCDnNlYXJjaF90YW5naWVySDNYBGiMAYgBAZgBM7gBF8gBDNgBA-gBAfgBAYgCAagCAbgCkNf_xQbAAgHSAiQ2Mjk5ZTIxYS1kNGYxLTRlMmYtOTc4OS1lNzU2MmNhNTYxNGXYAgHgAgE&ucfs=1&arphpl=1&checkin=2025-09-09&checkout=2025-09-10&group_adults=1&req_adults=1&no_rooms=1&group_children=0&req_children=0&hpos=18&hapos=18&sr_order=popularity&srpvid=ab303ec8853a11e9&srepoch=1757408158&all_sr_blocks=846679209_351717547_2_42_0_810377&highlighted_blocks=846679209_351717547_2_42_0_810377&matching_block_id=846679209_351717547_2_42_0_810377&sr_pri_blocks=846679209_351717547_2_42_0_810377_9870&from=searchresults,Hotel,7.9,3665,8.5,1046,2213,35.778434499066,-5.761678840881339,Parc Villa Harris  RN16  Sania  arrondissement de Charf-Mghogha    Tangier  Pachalik de Tanger    Prefecture of Tangier - Assilah  Tangier-Tetouan-Al Hoceima  90070  Morocco,Sania,Tangier,Not specified
ef816def-49fd-4ef3-9c43-6f0b2aa233bf,2025-09-09 08:59:44,https://www.booking.com/hotel/ma/les-belles-residences-e-appart-tanger.html?aid=304142&label=gen173nr-10CAQoggJCDnNlYXJjaF90YW5naWVySDNYBGiMAYgBAZgBM7gBF8gBDNgBA-gBAfgBAYgCAagCAbgCkNf_xQbAAgHSAiQ2Mjk5ZTIxYS1kNGYxLTRlMmYtOTc4OS1lNzU2MmNhNTYxNGXYAgHgAgE&ucfs=1&arphpl=1&checkin=2025-09-09&checkout=2025-09-10&group_adults=1&req_adults=1&no_rooms=1&group_children=0&req_children=0&hpos=19&hapos=19&sr_order=popularity&srpvid=ab303ec8853a11e9&srepoch=1757408158&all_sr_blocks=972969403_412402742_2_0_0&highlighted_blocks=972969403_412402742_2_0_0&matching_block_id=972969403_412402742_2_0_0&sr_pri_blocks=972969403_412402742_2_0_0__5035&from=searchresults,Apartment,6.6,915,8.6,534,796,35.7699574,-5.7911401,arrondissement de Charf-Mghogha    Tangier  Pachalik de Tanger    Prefecture of Tangier - Assilah  Tangier-Tetouan-Al Hoceima  90023  Morocco,arrondissement de Charf-Mghogha,Tangier,117 Mbps
a3cf0790-f88b-4e8e-a836-4c6728e28c94,2025-09-09 08:59:53,https://www.booking.com/hotel/ma/pestana-tanger-city-center-suites-amp-apartments.html?aid=304142&label=gen173nr-10CAQoggJCDnNlYXJjaF90YW5naWVySDNYBGiMAYgBAZgBM7gBF8gBDNgBA-gBAfgBAYgCAagCAbgCkNf_xQbAAgHSAiQ2Mjk5ZTIxYS1kNGYxLTRlMmYtOTc4OS1lNzU2MmNhNTYxNGXYAgHgAgE&ucfs=1&arphpl=1&checkin=2025-09-09&checkout=2025-09-10&group_adults=1&req_adults=1&no_rooms=1&group_children=0&req_children=0&hpos=20&hapos=20&sr_order=popularity&srpvid=ab303ec8853a11e9&srepoch=1757408158&all_sr_blocks=770318801_0_1_0_0&highlighted_blocks=770318801_0_1_0_0&matching_block_id=770318801_0_1_0_0&sr_pri_blocks=770318801_0_1_0_0__120239&from=searchresults,Hotel,8.5,3178,8.5,1410,3726,35.77141385164538,-5.78493382124771,International Clinic of Tangier  Route de Malabata  Tanger El Balia  arrondissement de Charf-Mghogha    Tangier  Pachalik de Tanger    Prefecture of Tangier - Assilah  Tangier-Tetouan-Al Hoceima  90000  Morocco,Tanger El Balia,Tangier,Not specified
f5aa671e-d0b3-4678-808e-b770811bc07f,2025-09-09 09:00:05,https://www.booking.com/hotel/ma/dar-al-ghazal.html?aid=304142&label=gen173nr-10CAQoggJCDnNlYXJjaF90YW5naWVySDNYBGiMAYgBAZgBM7gBF8gBDNgBA-gBAfgBAYgCAagCAbgCkNf_xQbAAgHSAiQ2Mjk5ZTIxYS1kNGYxLTRlMmYtOTc4OS1lNzU2MmNhNTYxNGXYAgHgAgE&ucfs=1&arphpl=1&checkin=2025-09-09&checkout=2025-09-10&group_adults=1&req_adults=1&no_rooms=1&group_children=0&req_children=0&hpos=21&hapos=21&sr_order=popularity&srpvid=ab303ec8853a11e9&srepoch=1757408158&all_sr_blocks=1334385402_405931792_2_2_0&highlighted_blocks=1334385402_405931792_2_2_0&matching_block_id=1334385402_405931792_2_2_0&sr_pri_blocks=1334385402_405931792_2_2_0__5094&from=searchresults,Inn,8.0,181,7.5,540,1350,35.788111558724,-5.81417966475499,Rue Boukouja  Kasbah  arrondissement de Tanger-Medina    Tangier  Pachalik de Tanger    Prefecture of Tangier - Assilah  Tangier-Tetouan-Al Hoceima  90030  Morocco,arrondissement de Tanger-Medina,Tangier,Not specified
b4fe28be-6707-4c2c-a504-a1ad83f83fca,2025-09-09 09:00:14,https://www.booking.com/hotel/ma/le-balcon-de-tanger-tanger1.html?aid=304142&label=gen173nr-10CAQoggJCDnNlYXJjaF90YW5naWVySDNYBGiMAYgBAZgBM7gBF8gBDNgBA-gBAfgBAYgCAagCAbgCkNf_xQbAAgHSAiQ2Mjk5ZTIxYS1kNGYxLTRlMmYtOTc4OS1lNzU2MmNhNTYxNGXYAgHgAgE&ucfs=1&arphpl=1&checkin=2025-09-09&checkout=2025-09-10&group_adults=1&req_adults=1&no_rooms=1&group_children=0&req_children=0&hpos=22&hapos=22&sr_order=popularity&srpvid=ab303ec8853a11e9&srepoch=1757408158&all_sr_blocks=768636701_374815093_2_34_0&highlighted_blocks=768636701_374815093_2_34_0&matching_block_id=768636701_374815093_2_34_0&sr_pri_blocks=768636701_374815093_2_34_0__11220&from=searchresults,Guesthouse,8.4,262,7.5,1189,1189,35.788703598179,-5.810073735568,Rue Bouhachem  Dar Barroud  arrondissement de Tanger-Medina    Tangier  Pachalik de Tanger    Prefecture of Tangier - Assilah  Tangier-Tetouan-Al Hoceima  90030  Morocco,arrondissement de Tanger-Medina,Tangier,Not specified
da158d98-b9bd-48d3-9c14-2952e6c5ede3,2025-09-09 09:00:23,https://www.booking.com/hotel/ma/les-belles-residences-f1.html?aid=304142&label=gen173nr-10CAQoggJCDnNlYXJjaF90YW5naWVySDNYBGiMAYgBAZgBM7gBF8gBDNgBA-gBAfgBAYgCAagCAbgCkNf_xQbAAgHSAiQ2Mjk5ZTIxYS1kNGYxLTRlMmYtOTc4OS1lNzU2MmNhNTYxNGXYAgHgAgE&ucfs=1&arphpl=1&checkin=2025-09-09&checkout=2025-09-10&group_adults=1&req_adults=1&no_rooms=1&group_children=0&req_children=0&hpos=23&hapos=23&sr_order=popularity&srpvid=ab303ec8853a11e9&srepoch=1757408158&all_sr_blocks=1066191501_411520355_1_0_0&highlighted_blocks=1066191501_411520355_1_0_0&matching_block_id=1066191501_411520355_1_0_0&sr_pri_blocks=1066191501_411520355_1_0_0__4523&from=searchresults,Apartment,6.9,170,8.5,479,1288,35.7699574,-5.791138758896,arrondissement de Charf-Mghogha    Tangier  Pachalik de Tanger    Prefecture of Tangier - Assilah  Tangier-Tetouan-Al Hoceima  90023  Morocco,arrondissement de Charf-Mghogha,Tangier,101 Mbps
0f574bb0-a207-4fe5-91ad-e546d4306894,2025-09-09 09:00:32,https://www.booking.com/hotel/ma/casa-al-captane-au-medina-tanger.html?aid=304142&label=gen173nr-10CAQoggJCDnNlYXJjaF90YW5naWVySDNYBGiMAYgBAZgBM7gBF8gBDNgBA-gBAfgBAYgCAagCAbgCkNf_xQbAAgHSAiQ2Mjk5ZTIxYS1kNGYxLTRlMmYtOTc4OS1lNzU2MmNhNTYxNGXYAgHgAgE&ucfs=1&arphpl=1&checkin=2025-09-09&checkout=2025-09-10&group_adults=1&req_adults=1&no_rooms=1&group_children=0&req_children=0&hpos=24&hapos=24&sr_order=popularity&srpvid=ab303ec8853a11e9&srepoch=1757408158&all_sr_blocks=1036970101_376234783_1_0_0&highlighted_blocks=1036970101_376234783_1_0_0&matching_block_id=1036970101_376234783_1_0_0&sr_pri_blocks=1036970101_376234783_1_0_0__5492&from=searchresults,Vacation Home,8.3,57,7.5,582,1051,35.787864372147,-5.813408748653,Rue Ben Abou  Kasbah  arrondissement de Tanger-Medina    Tangier  Pachalik de Tanger    Prefecture of Tangier - Assilah  Tangier-Tetouan-Al Hoceima  90030  Morocco,arrondissement de Tanger-Medina,Tangier,Not specified
a3315dbf-2453-423d-92d4-4cfefa2a69a6,2025-09-09 09:00:42,https://www.booking.com/hotel/ma/el-minzah.html?aid=304142&label=gen173nr-10CAQoggJCDnNlYXJjaF90YW5naWVySDNYBGiMAYgBAZgBM7gBF8gBDNgBA-gBAfgBAYgCAagCAbgCkNf_xQbAAgHSAiQ2Mjk5ZTIxYS1kNGYxLTRlMmYtOTc4OS1lNzU2MmNhNTYxNGXYAgHgAgE&ucfs=1&arphpl=1&checkin=2025-09-09&checkout=2025-09-10&group_adults=1&req_adults=1&no_rooms=1&group_children=0&req_children=0&hpos=25&hapos=25&sr_order=popularity&srpvid=ab303ec8853a11e9&srepoch=1757408158&all_sr_blocks=9837443_0_1_1_0&highlighted_blocks=9837443_0_1_1_0&matching_block_id=9837443_0_1_1_0&sr_pri_blocks=9837443_0_1_1_0__11032&from=searchresults,Hotel,8.7,3093,8.6,1791,6592,35.78182255357309,-5.812515914440155,Pharmacie Al Maghrib    56  Rue de la Libert    Bni Idder  arrondissement de Tanger-Medina    Tangier  Pachalik de Tanger    Prefecture of Tangier - Assilah  Tangier-Tetouan-Al Hoceima  90000  Morocco,arrondissement de Tanger-Medina,Tangier,Not specified
21e0ad24-2c8c-43ac-acdc-63c6f7153e4a,2025-09-09 09:00:52,https://www.booking.com/hotel/ma/the-riad-hostel-tangier.html?aid=304142&label=gen173nr-10CAQoggJCDnNlYXJjaF90YW5naWVySDNYBGiMAYgBAZgBM7gBF8gBDNgBA-gBAfgBAYgCAagCAbgCkNf_xQbAAgHSAiQ2Mjk5ZTIxYS1kNGYxLTRlMmYtOTc4OS1lNzU2MmNhNTYxNGXYAgHgAgE&ucfs=1&arphpl=1&checkin=2025-09-09&checkout=2025-09-10&group_adults=1&req_adults=1&no_rooms=1&group_children=0&req_children=0&hpos=1&hapos=26&sr_order=popularity&srpvid=ab303ec8853a11e9&srepoch=1757408158&all_sr_blocks=495372105_415020585_0_1_0_50335&highlighted_blocks=495372105_415020585_0_1_0_50335&matching_block_id=495372105_415020585_0_1_0_50335&sr_pri_blocks=495372105_415020585_0_1_0_50335_1200&from=searchresults,Hostel,7.4,2142,8.1,127,148,35.787133,-5.810144,Rue Al Oued  Dar Barroud  arrondissement de Tanger-Medina    Tangier  Pachalik de Tanger    Prefecture of Tangier - Assilah  Tangier-Tetouan-Al Hoceima  90030  Morocco,arrondissement de Tanger-Medina,Tangier,Not specified
9e8d1838-7a2e-487b-b8d9-cfe1d3ae44bf,2025-09-09 09:01:02,https://www.booking.com/hotel/ma/lalla-soulika-tangier.html?aid=304142&label=gen173nr-10CAQoggJCDnNlYXJjaF90YW5naWVySDNYBGiMAYgBAZgBM7gBF8gBDNgBA-gBAfgBAYgCAagCAbgCkNf_xQbAAgHSAiQ2Mjk5ZTIxYS1kNGYxLTRlMmYtOTc4OS1lNzU2MmNhNTYxNGXYAgHgAgE&ucfs=1&arphpl=1&checkin=2025-09-09&checkout=2025-09-10&group_adults=1&req_adults=1&no_rooms=1&group_children=0&req_children=0&hpos=2&hapos=27&sr_order=popularity&srpvid=ab303ec8853a11e9&srepoch=1757408158&all_sr_blocks=1103331006_413646423_2_0_0_925474&highlighted_blocks=1103331006_413646423_2_0_0_925474&matching_block_id=1103331006_413646423_2_0_0_925474&sr_pri_blocks=1103331006_413646423_2_0_0_925474_19530&from=searchresults,Hotel,9.4,219,9.0,2070,2760,35.787547993733,-5.816143426459,Lalla Soulja  22  Rue Ben Alil  Kasbah  arrondissement de Tanger-Medina    Tangier  Pachalik de Tanger    Prefecture of Tangier - Assilah  Tangier-Tetouan-Al Hoceima  90030  Morocco,arrondissement de Tanger-Medina,Tangier,Not specified
65fbba44-8f8b-4962-9612-8c450299ba08,2025-09-09 09:01:12,https://www.booking.com/hotel/ma/chellah.html?aid=304142&label=gen173nr-10CAQoggJCDnNlYXJjaF90YW5naWVySDNYBGiMAYgBAZgBM7gBF8gBDNgBA-gBAfgBAYgCAagCAbgCkNf_xQbAAgHSAiQ2Mjk5ZTIxYS1kNGYxLTRlMmYtOTc4OS1lNzU2MmNhNTYxNGXYAgHgAgE&ucfs=1&arphpl=1&checkin=2025-09-09&checkout=2025-09-10&group_adults=1&req_adults=1&no_rooms=1&group_children=0&req_children=0&hpos=3&hapos=28&sr_order=popularity&srpvid=ab303ec8853a11e9&srepoch=1757408158&all_sr_blocks=30440206_88803837_1_1_0_467107&highlighted_blocks=30440206_88803837_1_1_0_467107&matching_block_id=30440206_88803837_1_1_0_467107&sr_pri_blocks=30440206_88803837_1_1_0_467107_5771&from=searchresults,Hotel,7.3,1277,7.6,612,1240,35.77733346190038,-5.81090122461319,Hotel Chellah  Rue Allal Ben Abdallah  Bni Idder  arrondissement de Tanger-Medina    Tangier  Pachalik de Tanger    Prefecture of Tangier - Assilah  Tangier-Tetouan-Al Hoceima  90013  Morocco,arrondissement de Tanger-Medina,Tangier,Not specified
dfec17b0-f321-4ed4-bdca-ad6f4643c2da,2025-09-09 09:01:22,https://www.booking.com/hotel/ma/syrah-home.html?aid=304142&label=gen173nr-10CAQoggJCDnNlYXJjaF90YW5naWVySDNYBGiMAYgBAZgBM7gBF8gBDNgBA-gBAfgBAYgCAagCAbgCkNf_xQbAAgHSAiQ2Mjk5ZTIxYS1kNGYxLTRlMmYtOTc4OS1lNzU2MmNhNTYxNGXYAgHgAgE&ucfs=1&arphpl=1&checkin=2025-09-09&checkout=2025-09-10&group_adults=1&req_adults=1&no_rooms=1&group_children=0&req_children=0&hpos=4&hapos=29&sr_order=popularity&srpvid=ab303ec8853a11e9&srepoch=1757408158&all_sr_blocks=1429113104_416503601_2_1_0&highlighted_blocks=1429113104_416503601_2_1_0&matching_block_id=1429113104_416503601_2_1_0&sr_pri_blocks=1429113104_416503601_2_1_0__3696&from=searchresults,Bed and Breakfast,9.4,104,8.8,392,525,35.787595387963215,-5.823119716285703,Rue Imam Ibn Hanbal  Parque Marshan  arrondissement de Tanger-Medina    Tangier  Pachalik de Tanger    Prefecture of Tangier - Assilah  Tangier-Tetouan-Al Hoceima  90005  Morocco,arrondissement de Tanger-Medina,Tangier,Not specified
cf0bf53e-9318-4911-adaa-38dbaaae5a64,2025-09-09 09:01:31,https://www.booking.com/hotel/ma/palace.html?aid=304142&label=gen173nr-10CAQoggJCDnNlYXJjaF90YW5naWVySDNYBGiMAYgBAZgBM7gBF8gBDNgBA-gBAfgBAYgCAagCAbgCkNf_xQbAAgHSAiQ2Mjk5ZTIxYS1kNGYxLTRlMmYtOTc4OS1lNzU2MmNhNTYxNGXYAgHgAgE&ucfs=1&arphpl=1&checkin=2025-09-09&checkout=2025-09-10&group_adults=1&req_adults=1&no_rooms=1&group_children=0&req_children=0&hpos=5&hapos=30&sr_order=popularity&srpvid=ab303ec8853a11e9&srepoch=1757408158&all_sr_blocks=885505616_358006126_2_1_0&highlighted_blocks=885505616_358006126_2_1_0&matching_block_id=885505616_358006126_2_1_0&sr_pri_blocks=885505616_358006126_2_1_0__6885&from=searchresults,Hotel,7.2,923,7.6,730,865,35.78537889816323,-5.810264051425937,Ahlen  8  Rue Mokhtar Ahardane  Bni Idder  arrondissement de Tanger-Medina    Tangier  Pachalik de Tanger    Prefecture of Tangier - Assilah  Tangier-Tetouan-Al Hoceima  90000  Morocco,arrondissement de Tanger-Medina,Tangier,Not specified
